{
	"IcoMoonType": "selection",
	"icons": [
		{
			"icon": {
				"paths": [
					"M852 0h-680c-94.6 0-172 77.4-172 172v680c0 94.6 77.4 172 172 172h680c94.6 0 172-77.4 172-172v-680c0-94.6-77.4-172-172-172zM384 832h-128v-448h128v448zM320 320c-35.346 0-64-28.654-64-64s28.654-64 64-64 64 28.654 64 64-28.654 64-64 64zM832 832h-128v-256c0-35.346-28.654-64-64-64s-64 28.654-64 64v256h-128v-448h128v79.472c26.398-36.264 66.752-79.472 112-79.472 79.53 0 144 71.634 144 160v288z"
				],
				"attrs": [],
				"tags": [
					"linkedin",
					"brand",
					"social"
				],
				"grid": 16
			},
			"attrs": [],
			"properties": {
				"order": 1,
				"id": 1581,
				"prevSize": 32,
				"ligatures": "linkedin, brand63",
				"name": "linkedin"
			},
			"setIdx": 0,
			"setId": 0,
			"iconIdx": 456
		}
	],
	"height": 1024,
	"preferences": {
		"showGlyphs": true,
		"showQuickUse": true,
		"showQuickUse2": true,
		"showSVGs": true,
		"fontPref": {
			"prefix": "icon-",
			"metadata": {},
			"metrics": {
				"emSize": 1024,
				"baseline": 6.25,
				"whitespace": 50
			}
		},
		"imagePref": {
			"prefix": "icon-",
			"png": true,
			"useClassSelector": true,
			"color": 4473924,
			"bgColor": 16777215,
			"classSelector": ".icon"
		},
		"historySize": 100,
		"showCodes": true
	}
}